{
    "test_season": "2024-2025",
    "train_rows": 4657,
    "test_rows": 2605,
    "n_features": 40,
    "best_iteration": 85,
    "auc_roc": 0.7658738553597872,
    "accuracy": 0.6867562380038388,
    "balanced_accuracy": 0.6895706895178018,
    "precision": 0.4982394366197183,
    "recall": 0.6970443349753694,
    "f1_score": 0.5811088295687885,
    "true_negatives": 1223,
    "false_positives": 570,
    "false_negatives": 246,
    "true_positives": 566
}