model,best_f1_threshold,best_balanced_accuracy_threshold
V4A,0.4954545454545454,0.48636363636363633
V4B Strict,0.4227272727272727,0.46818181818181814
