player_role,N,actual_rate,mean_score,fp_rate,fn_rate
core_starter,63,0.2857142857142857,0.49318110942840576,0.8666666666666667,0.1111111111111111
rotation_player,5544,0.2765151515151515,0.49370238184928894,0.6920967339815507,0.1898238747553816
